,sales,profit
count,5.000000,5.000000
mean,1600.000000,430.000000
std,273.861279,87.177979
min,1200.000000,300.000000
25%,1500.000000,410.000000
50%,1600.000000,420.000000
75%,1800.000000,500.000000
max,1900.000000,520.000000
